{
  "goal_pairs": [
    {
      "start": [
        1.916,
        4.5,
        1.5707963267948966
      ],
      "end": [
        6.0,
        5.9,
        0.0
      ]
    },
    {
      "start": [
        6.0,
        5.9,
        0.0
      ],
      "end": [
        4.9,
        5.65,
        3.141592653589793
      ]
    },
    {
      "start": [
        4.9,
        5.65,
        3.141592653589793
      ],
      "end": [
        9.098,
        2.5,
        1.5707963267948966
      ]
    }
  ]
}